{
    "resource_pack_name": "vanilla",
    "texture_name": "atlas.terrain",
    "padding": 8,
    "num_mip_levels": 4,
    "texture_data": {
        "fjtsm": {
            "textures": [
                "textures/blocks/fjtsm.png"
            ]
        },
        "fjtwm": {
            "textures": [
                "textures/blocks/fjtwm.png"
            ]
        },
        "fjtwm2": {
            "textures": [
                "textures/blocks/fjtwm2.png"
            ]
        },
        "fjtxm": {
            "textures": [
                "textures/blocks/fjtxm.png"
            ]
        }
    }
}