{
    "format_version": "1.12.0",
    "minecraft:recipe_shaped": {
        "description": {
            "identifier": "diamond_from_hoe"
        },
        "tags": [
            "分解台"
        ],
        "pattern": [
            " A "
        ],
        "key": {
            "A": {
                "item": "diamond_hoe"
            }
        },
        "result": [
            {
                "item": "diamond",
                "count": 2
            },
            {
                "item": "stick",
                "count": 2
            }
        ]
    }
}