{
    "format_version": "1.12.0",
    "minecraft:recipe_shaped": {
        "description": {
            "identifier": "gold_from_pickaxe"
        },
        "tags": [
            "分解台"
        ],
        "pattern": [
            " A "
        ],
        "key": {
            "A": {
                "item": "golden_pickaxe"
            }
        },
        "result": [
            {
                "item": "gold_ingot",
                "count": 3
            },
            {
                "item": "stick",
                "count": 2
            }
        ]
    }
}